company_id,name
CMP000000,Sony Group
CMP000001,Amazon LLC
CMP000002,Samsung Innovations
CMP000003,Roche Systems
CMP000004,Qualcomm
CMP000005,HydroMeta Ltd
CMP000006,Meta Platforms
CMP000007,Johnson AG
CMP000008,NanoMicrosoft Corp
CMP000009,Ford AG
CMP000010,HydroQualcomm Corp
CMP000011,Lockheed Group
CMP000012,Toyota Ltd
CMP000013,Microsoft AG
CMP000014,Apple
CMP000015,NeuroRoche LLC
CMP000016,Intel Research
CMP000017,QuantumGoogle Industries
CMP000018,SolarSony Holdings
CMP000019,QuantumIntel Ltd
CMP000020,Samsung Electronics
CMP000021,Lockheed LLC
CMP000022,TSMC Group
CMP000023,Intel Inc
CMP000024,Oracle GmbH
CMP000025,Honeywell Systems
CMP000026,Tesla
CMP000027,Merck
CMP000028,Panasonic
CMP000029,Microsoft SA
CMP000030,HydroMeta Technologies
CMP000031,QuantumQualcomm Corporation
CMP000032,SolarHoneywell SA
CMP000033,International Business Machines
CMP000034,Siemens
CMP000035,Cisco Systems
CMP000036,Nvidia
CMP000037,LG Electronics
CMP000038,BioLockheed Group
CMP000039,NanoSony SA
CMP000040,Broadcom
CMP000041,3M Inc
CMP000042,Raytheon
CMP000043,Robert Bosch
CMP000044,Sony Holdings
CMP000045,Broadcom Laboratories
CMP000046,Roche Research
CMP000047,Nvidia Innovations
CMP000048,Samsung LLC
CMP000049,CyberGoogle SA
CMP000050,HydroPfizer Corp
CMP000051,HydroCisco Holdings
CMP000052,Neuro3M Research
CMP000053,AMD Group
CMP000054,AeroGeneral Laboratories
CMP000055,General Holdings
CMP000056,Canon
CMP000057,CyberRobert Ltd
CMP000058,Texas Instruments
CMP000059,Pfizer Co
CMP000060,Qualcomm Innovations
CMP000061,Honeywell
CMP000062,Novartis
CMP000063,Oracle Corp
CMP000064,TSMC Research
CMP000065,International Research
CMP000066,Robert Laboratories
CMP000067,Merck Systems
CMP000068,NeuroTesla Corporation
CMP000069,NeuroGoogle Group
CMP000070,Huawei Technologies
CMP000071,Microsoft Corporation
CMP000072,SolarRobert SA
CMP000073,Johnson & Johnson
CMP000074,BioSiemens AG
CMP000075,Raytheon Research
CMP000076,Cisco Group
CMP000077,Texas Corporation
CMP000078,AMD Corp
CMP000079,Huawei Corporation
CMP000080,Oracle SA
CMP000081,General Group
CMP000082,Canon Corporation
CMP000083,QuantumHuawei Systems
CMP000084,SolarRaytheon Industries
CMP000085,NanoAMD Inc
CMP000086,Intel LLC
CMP000087,Nano3M Group
CMP000088,Robert LLC
CMP000089,AMD Holdings
CMP000090,Johnson Co
CMP000091,AeroNvidia Research
CMP000092,Johnson Innovations
CMP000093,Broadcom AG
CMP000094,Meta Technologies
CMP000095,Raytheon Ltd
CMP000096,CyberCisco Corporation
CMP000097,Boeing Corporation
CMP000098,LG Corp
CMP000099,Huawei Laboratories
CMP000100,BioSamsung Inc
CMP000101,Johnson Corp
CMP000102,Boeing
CMP000103,Canon Innovations
CMP000104,Apple Industries
CMP000105,Google Research
CMP000106,Sony Ltd
CMP000107,3M
CMP000108,TSMC Industries
CMP000109,Samsung Ltd
CMP000110,Lockheed Inc
CMP000111,AMD Corporation
CMP000112,SolarPfizer Co
CMP000113,Pfizer Technologies
CMP000114,General Electric
CMP000115,Ford Group
CMP000116,Raytheon LLC
CMP000117,Intel Group
CMP000118,Huawei SA
CMP000119,Novartis Systems
CMP000120,Pfizer
CMP000121,AMD LLC
CMP000122,Roche Industries
CMP000123,Google Systems
CMP000124,Broadcom Inc
CMP000125,AeroMicrosoft GmbH
CMP000126,TSMC
CMP000127,Toyota Innovations
CMP000128,Toyota Corporation
CMP000129,Roche Group
CMP000130,AeroIntel Systems
CMP000131,NeuroAMD AG
CMP000132,Novartis Industries
CMP000133,Meta LLC
CMP000134,Tesla Ltd
CMP000135,AMD Innovations
CMP000136,International Corporation
CMP000137,CyberToyota Innovations
CMP000138,HydroJohnson Ltd
CMP000139,AeroGoogle Co
CMP000140,Google Co
CMP000141,QuantumIntel Industries
CMP000142,Siemens AG
CMP000143,3M Systems
CMP000144,NanoIntel AG
CMP000145,Lockheed Martin
CMP000146,Robert AG
CMP000147,Cisco Corp
CMP000148,QuantumHoneywell Systems
CMP000149,Huawei Ltd
CMP000150,Amazon Ltd
CMP000151,Intel Holdings
CMP000152,Canon AG
CMP000153,CyberInternational Group
CMP000154,Raytheon Co
CMP000155,Ford Motor
CMP000156,Apple Holdings
CMP000157,Tesla Industries
CMP000158,BioSamsung Laboratories
CMP000159,Honeywell Innovations
CMP000160,Meta Systems
CMP000161,Samsung Systems
CMP000162,AeroMicrosoft LLC
CMP000163,NeuroTesla SA
CMP000164,Google
CMP000165,Apple Corporation
CMP000166,Oracle Co
CMP000167,Toyota Group
CMP000168,Amazon Technologies
CMP000169,Google Inc
CMP000170,Robert Innovations
CMP000171,Qualcomm Corporation
CMP000172,Novartis GmbH
CMP000173,Solar3M Innovations
CMP000174,QuantumAMD Co
CMP000175,TSMC Inc
CMP000176,HydroHuawei Corporation
CMP000177,Boeing Innovations
CMP000178,Roche AG
CMP000179,Toyota SA
CMP000180,Oracle Technologies
CMP000181,Intel
CMP000182,Intel Laboratories
CMP000183,Merck Corp
CMP000184,Samsung GmbH
CMP000185,Robert Corporation
CMP000186,Microsoft Co
CMP000187,QuantumPanasonic Corporation
CMP000188,NanoIntel Laboratories
CMP000189,Boeing Group
CMP000190,Texas Laboratories
CMP000191,AeroNovartis AG
CMP000192,Boeing Corp
CMP000193,Roche
CMP000194,Sony Co
CMP000195,SolarJohnson Group
CMP000196,Honeywell LLC
CMP000197,Samsung AG
CMP000198,Amazon Laboratories
CMP000199,AMD Technologies
CMP000200,Pfizer Research
CMP000201,Broadcom Corporation
CMP000202,Quantum3M Research
CMP000203,Ford Corporation
CMP000204,Google Ltd
CMP000205,QuantumTSMC Technologies
CMP000206,Honeywell Ltd
CMP000207,CyberPfizer GmbH
CMP000208,LG Group
CMP000209,Microsoft
CMP000210,CyberPanasonic Inc
CMP000211,Panasonic Research
CMP000212,TSMC Co
CMP000213,HydroJohnson Corp
CMP000214,Roche Innovations
CMP000215,Merck Group
CMP000216,Nvidia Corporation
CMP000217,NanoTesla AG
CMP000218,CyberAmazon Co
CMP000219,Boeing Technologies
CMP000220,Microsoft GmbH
CMP000221,Samsung Group
CMP000222,Toyota Motor
CMP000223,Novartis Laboratories
CMP000224,Pfizer Group
CMP000225,Amazon Inc
CMP000226,Google AG
CMP000227,NeuroMerck Holdings
CMP000228,NeuroNvidia Corp
CMP000229,Ford Corp
CMP000230,Panasonic GmbH
CMP000231,Huawei Innovations
CMP000232,NanoLG Ltd
CMP000233,Microsoft Systems
CMP000234,Oracle Corporation
CMP000235,Raytheon Innovations
CMP000236,HydroSony Co
CMP000237,Nvidia Group
CMP000238,3M LLC
CMP000239,NanoCanon LLC
CMP000240,CyberSiemens Co
CMP000241,AMD
CMP000242,General Technologies
CMP000243,3M Group
CMP000244,Samsung Co
CMP000245,Siemens Technologies
CMP000246,Johnson Research
CMP000247,Broadcom LLC
CMP000248,AeroNvidia Laboratories
CMP000249,Boeing LLC
CMP000250,Lockheed GmbH
CMP000251,Sony Industries
CMP000252,General Systems
CMP000253,AeroQualcomm Holdings
CMP000254,Boeing AG
CMP000255,AeroTSMC Holdings
CMP000256,LG Ltd
CMP000257,SolarAMD Industries
CMP000258,Broadcom Innovations
CMP000259,SolarToyota Inc
CMP000260,Meta Industries
CMP000261,HydroBroadcom Corp
CMP000262,TSMC SA
CMP000263,AeroGoogle Technologies
CMP000264,Google Group
CMP000265,Meta AG
CMP000266,AeroMerck Group
CMP000267,Raytheon Systems
CMP000268,AeroBroadcom Co
CMP000269,NeuroAMD Technologies
CMP000270,Microsoft Holdings
CMP000271,Cisco GmbH
CMP000272,QuantumJohnson Holdings
CMP000273,AMD Laboratories
CMP000274,Amazon Corp
CMP000275,Merck Co
CMP000276,Oracle Industries
CMP000277,SolarIntel Innovations
CMP000278,CyberGoogle Laboratories
CMP000279,3M Industries
CMP000280,Lockheed Technologies
CMP000281,Robert SA
CMP000282,Johnson GmbH
CMP000283,HydroIntel LLC
CMP000284,Oracle Group
CMP000285,SolarPfizer SA
CMP000286,Novartis Co
CMP000287,HydroGeneral Ltd
CMP000288,Texas GmbH
CMP000289,Lockheed Innovations
CMP000290,Broadcom Corp
CMP000291,Toyota AG
CMP000292,NeuroCisco Co
CMP000293,Toyota Co
CMP000294,SolarApple Group
CMP000295,Siemens Research
CMP000296,Broadcom Group
CMP000297,Toyota Inc
CMP000298,Boeing Inc
CMP000299,Tesla Corp
CMP000300,NanoRaytheon AG
CMP000301,AeroOracle Group
CMP000302,AeroApple Research
CMP000303,Raytheon Corp
CMP000304,International Inc
CMP000305,Robert Inc
CMP000306,QuantumSiemens Research
CMP000307,Merck Technologies
CMP000308,TSMC Corp
CMP000309,BioMerck Laboratories
CMP000310,BioLG LLC
CMP000311,Ford Holdings
CMP000312,International Co
CMP000313,Qualcomm Ltd
CMP000314,Pfizer Systems
CMP000315,Ford Inc
CMP000316,NeuroJohnson Group
CMP000317,3M Holdings
CMP000318,NanoNovartis Technologies
CMP000319,Qualcomm GmbH
CMP000320,Microsoft Innovations
CMP000321,Lockheed Corp
CMP000322,Microsoft Industries
CMP000323,LG Industries
CMP000324,Robert GmbH
CMP000325,Broadcom SA
CMP000326,Intel Technologies
CMP000327,Oracle
CMP000328,Broadcom Holdings
CMP000329,Hydro3M Ltd
CMP000330,3M Laboratories
CMP000331,Nvidia LLC
CMP000332,Ford Systems
CMP000333,General AG
CMP000334,Boeing Holdings
CMP000335,Ford Laboratories
CMP000336,BioAMD Holdings
CMP000337,Qualcomm Laboratories
CMP000338,Meta Group
CMP000339,QuantumRaytheon Technologies
CMP000340,Canon Ltd
CMP000341,NeuroGoogle Co
CMP000342,QuantumHuawei Innovations
CMP000343,Honeywell Corporation
CMP000344,Merck Laboratories
CMP000345,SolarPanasonic Holdings
CMP000346,QuantumGoogle Systems
CMP000347,NeuroMeta Research
CMP000348,Google Innovations
CMP000349,SolarToyota Laboratories
CMP000350,Amazon Group
CMP000351,AeroInternational Corporation
CMP000352,Panasonic Systems
CMP000353,BioGeneral Ltd
CMP000354,Merck Ltd
CMP000355,General Industries
CMP000356,CyberMicrosoft Ltd
CMP000357,Robert Research
CMP000358,NeuroRaytheon Systems
CMP000359,Nvidia Laboratories
CMP000360,CyberQualcomm Technologies
CMP000361,Tesla Co
CMP000362,AMD Inc
CMP000363,Toyota Research
CMP000364,Raytheon Industries
CMP000365,HydroTesla Inc
CMP000366,Tesla AG
CMP000367,AeroBoeing SA
CMP000368,NeuroMerck Systems
CMP000369,NanoJohnson GmbH
CMP000370,Raytheon Laboratories
CMP000371,SolarFord Systems
CMP000372,LG Laboratories
CMP000373,HydroMicrosoft SA
CMP000374,Apple Systems
CMP000375,Pfizer Industries
CMP000376,SolarLG SA
CMP000377,Amazon Industries
CMP000378,International Holdings
CMP000379,Meta Holdings
CMP000380,AeroPfizer Technologies
CMP000381,International Corp
CMP000382,NanoQualcomm Holdings
CMP000383,AeroTSMC GmbH
CMP000384,Amazon GmbH
CMP000385,Johnson Laboratories
CMP000386,Nvidia Industries
CMP000387,BioJohnson Corp
CMP000388,Apple Ltd
CMP000389,HydroLockheed Holdings
CMP000390,Sony LLC
CMP000391,NanoMicrosoft Industries
CMP000392,CyberLockheed Group
CMP000393,Sony Research
CMP000394,Robert Systems
CMP000395,Qualcomm Systems
CMP000396,NanoAmazon Technologies
CMP000397,Cisco Innovations
CMP000398,BioFord Technologies
CMP000399,BioMicrosoft SA
CMP000400,BioSony AG
CMP000401,International SA
CMP000402,Panasonic AG
CMP000403,Siemens Group
CMP000404,Toyota Systems
CMP000405,QuantumAMD Inc
CMP000406,Samsung Holdings
CMP000407,Cisco SA
CMP000408,SolarTSMC SA
CMP000409,Robert Holdings
CMP000410,Qualcomm Co
CMP000411,Honeywell Group
CMP000412,Robert Ltd
CMP000413,NanoApple Group
CMP000414,Robert Group
CMP000415,AeroBoeing Co
CMP000416,HydroHoneywell Group
CMP000417,SolarMicrosoft Holdings
CMP000418,Novartis AG
CMP000419,Johnson Corporation
CMP000420,Panasonic Corp
CMP000421,Merck Inc
CMP000422,Broadcom Industries
CMP000423,LG AG
CMP000424,Pfizer Holdings
CMP000425,Roche Corporation
CMP000426,AeroGeneral LLC
CMP000427,Johnson Technologies
CMP000428,Texas AG
CMP000429,Honeywell Inc
CMP000430,NanoHoneywell SA
CMP000431,Apple AG
CMP000432,SolarBoeing Inc
CMP000433,Apple Group
CMP000434,SolarJohnson Technologies
CMP000435,HydroPfizer Research
CMP000436,Google GmbH
CMP000437,AeroTesla Corp
CMP000438,Nvidia Holdings
CMP000439,Robert Corp
CMP000440,Canon Systems
CMP000441,Nano3M Holdings
CMP000442,Pfizer LLC
CMP000443,AeroTSMC SA
CMP000444,QuantumMicrosoft Co
CMP000445,AeroTesla LLC
CMP000446,HydroNovartis Laboratories
CMP000447,3M Co
CMP000448,TSMC Corporation
CMP000449,AeroMicrosoft Innovations
CMP000450,Siemens LLC
CMP000451,Meta Corporation
CMP000452,AeroHuawei Holdings
CMP000453,Lockheed SA
CMP000454,Canon GmbH
CMP000455,SolarRaytheon Group
CMP000456,QuantumBroadcom Industries
CMP000457,Boeing Co
CMP000458,SolarLockheed Co
CMP000459,General Corporation
CMP000460,Canon Laboratories
CMP000461,Nvidia Corp
CMP000462,NanoLockheed Laboratories
CMP000463,3M Ltd
CMP000464,CyberLG Ltd
CMP000465,Novartis Ltd
CMP000466,TSMC Holdings
CMP000467,NeuroPfizer Research
CMP000468,BioSiemens Laboratories
CMP000469,Meta Innovations
CMP000470,TSMC AG
CMP000471,3M AG
CMP000472,NeuroRaytheon SA
CMP000473,Intel Systems
CMP000474,NanoBoeing SA
CMP000475,General SA
CMP000476,Quantum3M Industries
CMP000477,Samsung Technologies
CMP000478,BioQualcomm Technologies
CMP000479,Qualcomm Industries
CMP000480,AeroBoeing Research
CMP000481,Google Industries
CMP000482,QuantumGoogle Ltd
CMP000483,Apple SA
CMP000484,SolarInternational GmbH
CMP000485,Novartis Inc
CMP000486,Intel Corporation
CMP000487,BioSony GmbH
CMP000488,BioAMD SA
CMP000489,Amazon Corporation
CMP000490,Raytheon Inc
CMP000491,Honeywell SA
CMP000492,Amazon Holdings
CMP000493,AeroToyota Industries
CMP000494,NeuroLockheed Research
CMP000495,Roche Inc
CMP000496,CyberIntel Technologies
CMP000497,HydroCanon Corp
CMP000498,Sony Innovations
CMP000499,Microsoft Research
CMP000500,Google Holdings
CMP000501,LG LLC
CMP000502,NeuroBroadcom Research
CMP000503,LG SA
CMP000504,Roche SA
CMP000505,NeuroTexas Corporation
CMP000506,Amazon Innovations
CMP000507,Apple GmbH
CMP000508,AeroTesla Group
CMP000509,NeuroApple Corporation
CMP000510,NeuroOracle LLC
CMP000511,BioRobert Group
CMP000512,Siemens Industries
CMP000513,AeroMeta SA
CMP000514,CyberOracle Research
CMP000515,QuantumGeneral Inc
CMP000516,General Co
CMP000517,AeroMeta Co
CMP000518,Sony Laboratories
CMP000519,Qualcomm Inc
CMP000520,SolarPanasonic Research
CMP000521,Cisco Technologies
CMP000522,Pfizer GmbH
CMP000523,Meta Inc
CMP000524,Oracle Laboratories
CMP000525,Panasonic Innovations
CMP000526,QuantumNvidia Corporation
CMP000527,Nvidia Research
CMP000528,Siemens Corporation
CMP000529,HydroMerck Inc
CMP000530,Cisco Industries
CMP000531,Honeywell Corp
CMP000532,QuantumHoneywell Technologies
CMP000533,Tesla Research
CMP000534,Huawei Research
CMP000535,Sony Systems
CMP000536,HydroHuawei Systems
CMP000537,Google Corporation
CMP000538,LG Innovations
CMP000539,Sony Corporation
CMP000540,QuantumNovartis SA
CMP000541,Novartis Corporation
CMP000542,NeuroInternational Systems
CMP000543,NeuroApple Industries
CMP000544,Novartis Innovations
CMP000545,Toyota Holdings
CMP000546,General Inc
CMP000547,NanoMerck Group
CMP000548,Lockheed Laboratories
CMP000549,Samsung Corp
CMP000550,AeroCanon Laboratories
CMP000551,3M Technologies
CMP000552,Lockheed AG
CMP000553,General Research
CMP000554,TSMC Ltd
CMP000555,Tesla Laboratories
CMP000556,Sony Corp
CMP000557,Boeing GmbH
CMP000558,Merck Innovations
CMP000559,CyberSiemens AG
CMP000560,Nvidia Co
CMP000561,AeroQualcomm Industries
CMP000562,NeuroSiemens SA
CMP000563,Roche Co
CMP000564,CyberToyota Co
CMP000565,TSMC LLC
CMP000566,Siemens Systems
CMP000567,Ford Innovations
CMP000568,Meta Research
CMP000569,SolarHoneywell Ltd
CMP000570,SolarHoneywell Laboratories
CMP000571,Boeing Industries
CMP000572,AMD Research
CMP000573,BioOracle Corporation
CMP000574,BioRoche Corporation
CMP000575,AeroMerck Laboratories
CMP000576,Pfizer Inc
CMP000577,HydroGoogle Corp
CMP000578,SolarRobert Technologies
CMP000579,International Laboratories
CMP000580,Samsung Research
CMP000581,Panasonic SA
CMP000582,HydroIntel Industries
CMP000583,TSMC Systems
CMP000584,SolarNvidia Innovations
CMP000585,NeuroToyota Research
CMP000586,NanoTesla Corp
CMP000587,Tesla Holdings
CMP000588,CyberMerck Corp
CMP000589,LG Research
CMP000590,AeroLG Inc
CMP000591,AeroLockheed Systems
CMP000592,Apple Co
CMP000593,Boeing Research
CMP000594,QuantumAMD Industries
CMP000595,SolarNovartis Group
CMP000596,Pfizer Ltd
CMP000597,CyberQualcomm Corp
CMP000598,HydroIntel GmbH
CMP000599,Intel Industries
CMP000600,QuantumRoche Industries
CMP000601,NanoTexas Technologies
CMP000602,Ford Ltd
CMP000603,HydroGeneral Holdings
CMP000604,NanoPanasonic SA
CMP000605,QuantumGoogle AG
CMP000606,Pfizer Innovations
CMP000607,Panasonic Laboratories
CMP000608,Novartis Group
CMP000609,Lockheed Holdings
CMP000610,Merck Industries
CMP000611,QuantumNvidia Ltd
CMP000612,HydroFord SA
CMP000613,Microsoft Laboratories
CMP000614,Cisco Co
CMP000615,Novartis LLC
CMP000616,SolarMeta Ltd
CMP000617,BioSony Inc
CMP000618,NanoCanon Corporation
CMP000619,CyberAmazon AG
CMP000620,Ford LLC
CMP000621,Merck AG
CMP000622,SolarInternational Corporation
CMP000623,CyberBroadcom Laboratories
CMP000624,TSMC Innovations
CMP000625,Amazon AG
CMP000626,Canon Co
CMP000627,CyberToyota Technologies
CMP000628,Texas Industries
CMP000629,Panasonic Holdings
CMP000630,BioSiemens Corporation
CMP000631,Oracle Innovations
CMP000632,BioOracle Inc
CMP000633,Huawei LLC
CMP000634,International Ltd
CMP000635,Pfizer Corporation
CMP000636,QuantumInternational SA
CMP000637,NeuroTexas Ltd
CMP000638,Raytheon GmbH
CMP000639,Lockheed Corporation
CMP000640,Merck Holdings
CMP000641,BioIntel Inc
CMP000642,Texas Corp
CMP000643,SolarBoeing Ltd
CMP000644,Boeing Ltd
CMP000645,Texas SA
CMP000646,Canon Technologies
CMP000647,Roche GmbH
CMP000648,3M GmbH
CMP000649,Ford Technologies
CMP000650,Tesla GmbH
CMP000651,Raytheon Corporation
CMP000652,Texas Group
CMP000653,Broadcom Ltd
CMP000654,HydroMicrosoft Corporation
CMP000655,3M Corp
CMP000656,Microsoft Inc
CMP000657,QuantumSiemens Ltd
CMP000658,SolarJohnson Ltd
CMP000659,SolarToyota Holdings
CMP000660,Robert Industries
CMP000661,QuantumCanon Corporation
CMP000662,NanoPfizer Co
CMP000663,Qualcomm Group
CMP000664,CyberCisco Co
CMP000665,General Ltd
CMP000666,CyberNvidia Corporation
CMP000667,Toyota Industries
CMP000668,HydroAmazon Inc
CMP000669,Microsoft Technologies
CMP000670,International AG
CMP000671,Google Corp
CMP000672,QuantumOracle Holdings
CMP000673,CyberPanasonic GmbH
CMP000674,Sony Inc
CMP000675,Broadcom Technologies
CMP000676,International Group
CMP000677,Roche Ltd
CMP000678,HydroPanasonic Corp
CMP000679,AeroMerck GmbH
CMP000680,Apple LLC
CMP000681,SolarQualcomm Inc
CMP000682,CyberCanon LLC
CMP000683,Siemens Inc
CMP000684,HydroRaytheon GmbH
CMP000685,Ford GmbH
CMP000686,Sony AG
CMP000687,BioGeneral Research
CMP000688,NanoPfizer Inc
CMP000689,NeuroSamsung Research
CMP000690,QuantumToyota Industries
CMP000691,Honeywell GmbH
CMP000692,Boeing Systems
CMP000693,Pfizer Corp
CMP000694,QuantumJohnson Corp
CMP000695,BioMerck Industries
CMP000696,Huawei AG
CMP000697,Nvidia AG
CMP000698,Merck Corporation
CMP000699,QuantumMicrosoft Corp
CMP000700,Intel AG
CMP000701,BioPfizer GmbH
CMP000702,Canon LLC
CMP000703,NanoMerck Industries
CMP000704,NeuroMeta AG
CMP000705,BioLockheed Inc
CMP000706,Panasonic Co
CMP000707,Nvidia Technologies
CMP000708,Apple Laboratories
CMP000709,CyberMerck Laboratories
CMP000710,BioGoogle Ltd
CMP000711,AeroTexas Corp
CMP000712,Tesla Corporation
CMP000713,Broadcom GmbH
CMP000714,SolarCisco Group
CMP000715,Robert Technologies
CMP000716,Nvidia SA
CMP000717,Ford SA
CMP000718,Amazon Research
CMP000719,Novartis Research
CMP000720,HydroCanon Systems
CMP000721,NanoTSMC Co
CMP000722,Johnson Inc
CMP000723,Texas Inc
CMP000724,SolarFord Innovations
CMP000725,Microsoft Group
CMP000726,Samsung SA
CMP000727,General Laboratories
CMP000728,HydroGoogle SA
CMP000729,SolarFord Laboratories
CMP000730,Johnson Group
CMP000731,Texas Research
CMP000732,Meta Co
CMP000733,Pfizer Laboratories
CMP000734,HydroAmazon Industries
CMP000735,Oracle LLC
CMP000736,Merck GmbH
CMP000737,LG Technologies
CMP000738,AeroMerck Innovations
CMP000739,3M SA
CMP000740,SolarSamsung SA
CMP000741,Roche Holdings
CMP000742,AeroSiemens Laboratories
CMP000743,Pfizer AG
CMP000744,CyberLG Laboratories
CMP000745,Toyota GmbH
CMP000746,NeuroPfizer Technologies
CMP000747,HydroRobert Ltd
CMP000748,Johnson Holdings
CMP000749,LG Inc
CMP000750,Merck SA
CMP000751,Aero3M Industries
CMP000752,HydroGeneral Corporation
CMP000753,Canon Corp
CMP000754,Google Laboratories
CMP000755,Novartis SA
CMP000756,CyberGoogle Co
CMP000757,Meta SA
CMP000758,NeuroApple Ltd
CMP000759,HydroCisco Inc
CMP000760,HydroRoche Corporation
CMP000761,NeuroSiemens Innovations
CMP000762,NanoLockheed Systems
CMP000763,Raytheon SA
CMP000764,BioGeneral Corporation
CMP000765,NanoMerck Co
CMP000766,Lockheed Co
CMP000767,AeroHoneywell GmbH
CMP000768,Cisco Research
CMP000769,HydroRoche GmbH
CMP000770,Samsung Corporation
CMP000771,NanoBoeing Innovations
CMP000772,BioSamsung Systems
CMP000773,International Industries
CMP000774,HydroFord Research
CMP000775,SolarGoogle Industries
CMP000776,AeroOracle Corporation
CMP000777,Johnson Ltd
CMP000778,Lockheed Ltd
CMP000779,NanoJohnson Technologies
CMP000780,QuantumOracle Systems
CMP000781,SolarBoeing Co
CMP000782,HydroSiemens Corp
CMP000783,NeuroPfizer Corp
CMP000784,NanoRobert GmbH
CMP000785,NeuroNvidia Group
CMP000786,Panasonic Industries
CMP000787,NanoNovartis LLC
CMP000788,AeroLG SA
CMP000789,CyberAMD LLC
CMP000790,NeuroPfizer LLC
CMP000791,AMD GmbH
CMP000792,NeuroBroadcom Inc
CMP000793,NeuroOracle Laboratories
CMP000794,NeuroLG Systems
CMP000795,Qualcomm Technologies
CMP000796,NanoHuawei Corp
CMP000797,NanoHoneywell Co
CMP000798,NeuroNvidia AG
CMP000799,HydroGoogle Corporation
